Designator,Mid X,Mid Y,Layer,Rotation
C1,113.300000mm,-125.820000mm,Bottom,-90.000000
C2,114.830000mm,-125.820000mm,Bottom,-90.000000
C3,116.420000mm,-125.810000mm,Bottom,-90.000000
C4,117.980000mm,-125.800000mm,Bottom,-90.000000
C5,119.580000mm,-125.800000mm,Bottom,-90.000000
C6,121.220000mm,-125.800000mm,Bottom,-90.000000
J1,109.430000mm,-118.090000mm,Bottom,90.000000
R1,110.260000mm,-126.480000mm,Bottom,180.000000
R2,110.260000mm,-124.930000mm,Bottom,180.000000
R3,122.290000mm,-129.710000mm,Bottom,180.000000
R4,122.280000mm,-131.490000mm,Bottom,180.000000
R5,122.300000mm,-133.700000mm,Bottom,180.000000
R6,122.290000mm,-135.450000mm,Bottom,180.000000
R7,122.290000mm,-138.150000mm,Bottom,180.000000
R8,122.290000mm,-139.810000mm,Bottom,180.000000
R9,118.950000mm,-138.850000mm,Bottom,-90.000000
R10,116.050000mm,-138.850000mm,Bottom,-90.000000
R11,114.550000mm,-138.850000mm,Bottom,-90.000000
R12,111.250000mm,-138.850000mm,Bottom,-90.000000
