Ref,Val,Package,PosX,PosY,Rot,Side
"C1","100n","C_0603_1608Metric",113.300000,-125.820000,-90.000000,bottom
"C2","100p","C_0603_1608Metric",114.830000,-125.820000,-90.000000,bottom
"C3","1u","C_0603_1608Metric",116.420000,-125.810000,-90.000000,bottom
"C4","100p","C_0603_1608Metric",117.980000,-125.800000,-90.000000,bottom
"C5","1u","C_0603_1608Metric",119.580000,-125.800000,-90.000000,bottom
"C6","100n","C_0603_1608Metric",121.220000,-125.800000,-90.000000,bottom
"J1","Conn_01x06","Jushuo_AFC07-S06FCA-00_1x6-1MP_P0.50_Horizontal-JLC",109.430000,-118.090000,90.000000,bottom
"R1","4.7k","R_0603_1608Metric",110.260000,-126.480000,180.000000,bottom
"R2","4.7k","R_0603_1608Metric",110.260000,-124.930000,180.000000,bottom
"R3","1k","R_0603_1608Metric",122.290000,-129.710000,180.000000,bottom
"R4","1k","R_0603_1608Metric",122.280000,-131.490000,180.000000,bottom
"R5","1k","R_0603_1608Metric",122.300000,-133.700000,180.000000,bottom
"R6","1k","R_0603_1608Metric",122.290000,-135.450000,180.000000,bottom
"R7","1k","R_0603_1608Metric",122.290000,-138.150000,180.000000,bottom
"R8","1k","R_0603_1608Metric",122.290000,-139.810000,180.000000,bottom
"R9","1k","R_0603_1608Metric",118.950000,-138.850000,-90.000000,bottom
"R10","1k","R_0603_1608Metric",116.050000,-138.850000,-90.000000,bottom
"R11","1k","R_0603_1608Metric",114.550000,-138.850000,-90.000000,bottom
"R12","1k","R_0603_1608Metric",111.250000,-138.850000,-90.000000,bottom
"U1","IQS550","QFN-48-1EP_7x7mm_P0.5mm_EP3.5x3.5mm",116.350000,-132.450000,90.000000,bottom
