Comment,Designator,Footprint,LCSC Part #,Qty,MPN,Note
4.7uF,"C1,C4,C6,C7",C_0603,C19666,4,CL10A475KO8NNNC,16V X5R
10uF,C2,C_0603,C19702,1,CL10A106KP8NNNC,10V X5R
100nF,"C3,C5",C_0603,C14663,2,CC0603KRX7R9BB104,50V X7R
1N4148W,"D1,D2,D3,D4,D5,D6,D7,D8,D9,D10,D11,D12,D13,D14,D15,D16,D17,D18,D19,D20,D21,D22,D23,D24,D25,D26,D27,D28,D29,D30,D31,D32,D33,D34,D35,D36,D37,D38,D39,D40,D41,D42,D43,D44,D45,D46,D47,D48,D49,D50,D51,D52,D53,D54,D55,D56,D57,D58,D59,D60,D61,D62,D63,D64,D65",D_SOD-123,C81598,65,1N4148W,Switching diode
B5819W,D66,D_SOD-123,C8598,1,B5819W SL,VBUS -> VSYS
USB-C,J1,USB_C_HRO_TYPE-C-31-M-12,C165948,1,TYPE-C-31-M-12,"USB2.0 Type-C receptacle, top mount (sits in the free area under the case top)"
BATTERY,J2,JST_SH_SM02B-SRSS-TB,C160402,1,SM02B-SRSS-TB(LF)(SN),"LiPo 1S (protected cell), check polarity!"
TRACKPAD,J3,FPC_0.5mm_6P_HC,C5213729,1,HC-FPC-05-10-6RLTAG,To Azoteq TPS43 trackpad module (FFC 6P 0.5 mm)
RED,LED1,LED_0603,C2286,1,KT-0603R,Charge indicator (on while charging)
XL-2012SURSYGC,"LED2,LED3,LED4,LED5",LED_XL-2012_Bicolor,C965847,4,XL-2012SURSYGC,"BT1 profile LED (yellow-green die used, red unused)"
AO3401A,Q1,SOT-23,C15127,1,AO3401A,Battery -> VSYS when no USB
5.1k,"R1,R2",R_0603,C23186,2,0603WAF5101T5E,CC pull-down
10k,R3,R_0603,C25804,1,0603WAF1002T5E,Ichg = 1000V/10k = 100mA
1k,"R4,R6,R7,R8,R9,R10",R_0603,C21190,6,0603WAF1001T5E,LED resistor
100k,R5,R_0603,C25803,1,0603WAF1003T5E,Q1 gate pull-down
4.7k,"R11,R12",R_0603,C23162,2,0603WAF4701T5E,I2C pull-up
SKRAAWE010,"SW1,SW2,SW3,SW4,SW5,SW6,SW7,SW8,SW9,SW10,SW11,SW12,SW13,SW14,SW15,SW16,SW17,SW18,SW19,SW20,SW21,SW22,SW23,SW24,SW25,SW26,SW27,SW28,SW29,SW30,SW31,SW32,SW33,SW34,SW35,SW36,SW37,SW38,SW39,SW40,SW41,SW42,SW43,SW44,SW45,SW46,SW47,SW48,SW49,SW50,SW51,SW52,SW53,SW54,SW55,SW56,SW57,SW58,SW59,SW60,SW61,SW62,SW63,SW64,SW65",SW_ALPS_SKRA_6.2mm,C202383,65,SKRAAWE010,"key ""`"" - ALPS SKRA 6.2mm tact"
RESET,SW66,SW_TS-1928-B,C1121891,1,TS-1928-B,Reset (double-tap = UF2 bootloader)
POWER,SW67,SW_SPDT_PCM12,C221841,1,PCM12SMTR,"Power slide switch (pin3 = OFF, open)"
MDBT50Q-1MV2,U1,Raytac_MDBT50Q,C5118826,1,MDBT50Q-1MV2,"nRF52840 BLE module, chip antenna, TELEC certified"
USBLC6-2SC6,U2,SOT-23-6,C7519,1,USBLC6-2SC6,USB ESD protection
MCP73831,U3,SOT-23-5,C424093,1,MCP73831T-2ACI/OT,Li-Po charger 4.2V
